Task_ID,Messobjekt,Run_ID,Status,Gewaehltes_k,Finale_Kosten_J,cost_crlb,cost_move,cost_obs,cost_inter,k_Verlauf,Kosten_Verlauf,Rechenzeit_Verlauf_s,Rechenzeit_gesamt_s,w_move,w_obs,d_safe,d_crash,robot_types,N_Roboter,N_Drohnenposen,Gruppengroessen,Formationen
zeit_S1_N4_wm1.0_wo1.0_r01,Szenario_1_Final,1,abbruchkriterium,1,688.5360587028003,662.7662271645712,25.769831538229134,0.0,0.0,"[1, 2]","[688.5360587028003, 695.8045478543336]","[17.2532, 18.6605]",35.9137,1.0,1.0,1.0,0.15,AABB,4,24,[24],"[[4.8745, 4.4888, -4.8231, -4.5289, -4.1675, 4.4365, 4.2374, -4.4799]]"
zeit_S1_N4_wm1.0_wo1.0_r02,Szenario_1_Final,1,abbruchkriterium,3,466.06070053892205,389.97530660180166,76.06172826129684,0.023665675823528156,0.0,"[1, 2, 3, 4]","[720.8195371914394, 591.0964705992052, 466.06070053892205, 477.5970603248537]","[16.7363, 16.7927, 15.9497, 15.9575]",65.4362,1.0,1.0,1.0,0.15,AABB,4,24,"[8, 8, 8]","[[-6.4524, -2.7123, -1.8005, -2.948, 0.02, 4.7581, -8.4299, 5.063], [-2.9531, -1.8022, -3.2635, -6.4729, 4.8538, -0.3861, 4.5832, -8.8904], [-1.2737, 3.3761, 1.4662, 6.9091, 8.7107, 4.0116, 3.5032, -2.67]]"
zeit_S1_N4_wm1.0_wo1.0_r03,Szenario_1_Final,1,abbruchkriterium,4,473.6339196047794,367.4493746552407,106.17389905121463,0.010645898324091305,0.0,"[1, 2, 3, 4, 5]","[715.4799248001847, 572.2268989490324, 478.67437799069774, 473.6339196047794, 481.61208594670813]","[12.7652, 15.6061, 14.4175, 14.321, 14.3564]",71.4662,1.0,1.0,1.0,0.15,AABB,4,24,"[5, 4, 7, 8]","[[3.0413, 1.3648, 5.0055, 1.3049, 7.5406, -6.1718, -0.4191, -5.5596], [-3.6578, 2.4838, -5.4726, -2.5452, 2.816, 5.2681, -6.813, 8.7757], [1.8077, 6.8609, -1.2673, 3.4148, 3.1108, -3.9978, 9.6233, 3.5277], [1.0079, -3.1082, -2.9568, 1.2941, -9.105, -2.3249, -2.9583, -9.0554]]"
zeit_S1_N4_wm1.0_wo1.0_r04,Szenario_1_Final,1,abbruchkriterium,3,475.38849645058497,397.8908690506936,77.45871420466486,0.03891319522646973,0.0,"[1, 2, 3, 4]","[718.5834946604459, 629.8177511308496, 475.38849645058497, 480.88092676753047]","[12.7551, 13.2332, 14.2403, 14.1098]",54.3384,1.0,1.0,1.0,0.15,AABB,4,24,"[8, 8, 8]","[[-1.981, -3.9913, -6.5997, 7.4012, -8.4763, -0.663, -0.5797, 3.8644], [-4.2643, -8.6935, 5.0553, -0.8091, -2.9254, -1.8967, 3.9716, -8.1196], [6.8413, 0.2251, 2.9175, -1.7229, 5.8501, 7.9631, -1.8816, 4.3799]]"
zeit_S1_N4_wm1.0_wo1.0_r05,Szenario_1_Final,1,abbruchkriterium,4,477.34380721625746,373.14113502387823,104.19456590001707,0.008106292362154663,0.0,"[1, 2, 3, 4, 5]","[716.8936375902521, 617.0301201360907, 479.57287508972297, 477.34380721625746, 490.5594387108765]","[12.9368, 13.6905, 14.3686, 14.4613, 17.7235]",73.1807,1.0,1.0,1.0,0.15,AABB,4,24,"[5, 4, 7, 8]","[[1.5859, -3.6197, -1.7984, -7.3005, 8.4808, -6.0235, 4.5171, 1.6491], [3.1262, 3.9728, -2.194, 3.5876, -7.3746, 8.3548, -6.6405, -1.8688], [7.7604, -0.7565, 2.8617, -2.4755, 5.9276, 7.7428, -1.8825, 4.1445], [-1.4468, -6.9716, 1.3264, -3.4754, -8.6588, -3.9589, -3.3667, 2.6658]]"
zeit_S1_N6_wm1.0_wo1.0_r01,Szenario_1_Final,1,abbruchkriterium,3,400.92956581312285,277.85631730995453,123.04052260181246,0.03272590135589014,0.0,"[1, 2, 3, 4]","[453.32678686849687, 435.5122138582164, 400.92956581312285, 425.94437125572006]","[21.5882, 24.6236, 22.2285, 25.4014]",93.8417,1.0,1.0,1.0,0.15,AAAABB,6,24,"[8, 8, 8]","[[-1.1068, -6.3642, -9.8943, 4.156, -4.418, 4.1704, -8.1559, -1.7229, 0.9202, 5.8622, -2.0007, -2.8938], [5.798, -6.4868, 5.7693, 0.2953, 3.5095, -2.0059, -1.9491, -4.0976, -6.2359, -0.9994, -1.1386, -9.9472], [4.6469, 0.3597, 2.9027, -3.7617, 1.5431, 4.8559, 9.1054, 0.613, -3.6599, 4.0956, 5.9936, 9.5306]]"
zeit_S1_N6_wm1.0_wo1.0_r02,Szenario_1_Final,1,abbruchkriterium,3,411.84311149786595,290.24405520152857,121.59905629633732,0.0,0.0,"[1, 2, 3, 4]","[493.3263022837243, 419.14463461002947, 411.84311149786595, 416.9184334565216]","[24.3223, 23.2519, 23.1288, 23.5215]",94.2245,1.0,1.0,1.0,0.15,AAAABB,6,24,"[8, 8, 8]","[[-3.9307, -1.3989, -7.3296, 6.5435, 0.7945, 5.5051, -2.5588, 4.1997, -9.9428, -0.9913, -1.3996, -5.3515], [-4.5416, -9.9356, 7.1993, -5.8782, 3.6422, -3.7055, -1.3714, -8.6685, 3.8917, 2.924, -3.6271, -1.6971], [6.0223, -3.9314, 3.0096, -4.317, 4.5437, 1.0476, 1.8986, 7.2284, 9.4569, 5.894, -2.0255, 3.5946]]"
zeit_S1_N6_wm1.0_wo1.0_r03,Szenario_1_Final,1,abbruchkriterium,3,400.3314593050213,272.81325963696344,127.51819966805789,0.0,0.0,"[1, 2, 3, 4]","[508.8390809299788, 419.4913488126631, 400.3314593050213, 426.2571492029895]","[22.2049, 23.4116, 27.5657, 26.4042]",99.5864,1.0,1.0,1.0,0.15,AAAABB,6,24,"[8, 8, 8]","[[-7.5703, 6.5439, -2.6672, 4.2873, 0.7948, 5.5143, -3.9307, -1.2186, -1.4045, -5.556, -9.9468, -1.2364], [5.5173, -9.474, 4.8137, -0.3046, -1.2108, -3.7149, 4.9004, -3.5538, -2.7154, -9.9446, -5.2856, -1.301], [0.814, 4.7382, -3.4677, 3.901, 4.6098, 0.8296, 2.8351, 9.0133, 9.9498, 3.9716, 3.103, -4.4692]]"
zeit_S1_N6_wm1.0_wo1.0_r04,Szenario_1_Final,1,abbruchkriterium,3,405.10861098759324,276.4852377011049,128.55029592318024,0.07307736330814289,0.0,"[1, 2, 3, 4]","[476.6318865205038, 414.27248053586106, 405.10861098759324, 417.00374498543874]","[24.7908, 24.983, 24.8612, 25.4096]",100.0446,1.0,1.0,1.0,0.15,AAAABB,6,24,"[8, 8, 8]","[[-1.4031, -4.886, -9.9427, -0.5085, -9.2644, -3.3386, -3.7818, -1.5942, -7.1503, 6.361, -0.2827, 4.2626], [3.8176, -2.8249, 5.9216, 0.3889, -4.2737, -8.5606, -1.9977, -8.8568, -2.9576, -2.0048, 5.6319, -9.1151], [2.7034, -2.4992, 1.5908, 3.0014, -3.4914, 3.9012, 0.7059, 7.8503, 7.6552, 8.5962, 7.796, -0.1282]]"
zeit_S1_N6_wm1.0_wo1.0_r05,Szenario_1_Final,1,abbruchkriterium,3,401.70782586902027,278.27863894004327,123.42918692897703,0.0,0.0,"[1, 2, 3, 4]","[506.1606566633134, 434.117782119505, 401.70782586902027, 438.05255133977516]","[24.8492, 26.2136, 26.1281, 26.653]",103.8439,1.0,1.0,1.0,0.15,AAAABB,6,24,"[8, 8, 8]","[[-9.8263, -2.7578, -9.8942, 3.809, -5.322, 5.4147, -4.8103, -1.3677, -1.4986, -4.8672, 0.0188, 4.6731], [3.4887, -1.8554, -5.1083, -1.2005, 5.452, 2.2001, -1.8121, -3.4892, -3.2875, -9.9468, 6.235, -7.3453], [5.1392, 1.2463, 0.1077, 4.5604, 9.9498, 1.0058, -3.9851, 4.1122, 5.53, 8.5717, 2.9992, -3.5004]]"
zeit_S1_N8_wm1.0_wo1.0_r01,Szenario_1_Final,1,abbruchkriterium,1,386.57428355787135,331.4511671359999,55.12311642187145,0.0,0.0,"[1, 2]","[386.57428355787135, 392.0271955592639]","[35.4203, 35.4896]",70.9099,1.0,1.0,1.0,0.15,AAAAAABB,8,24,[24],"[[-2.1739, -7.8017, -3.3176, 1.215, -6.6367, -3.8145, 7.6815, 1.4955, 8.5415, -6.1231, -5.0635, 5.4874, 2.7166, 5.5626, 3.109, -3.8979]]"
zeit_S1_N8_wm1.0_wo1.0_r02,Szenario_1_Final,1,abbruchkriterium,2,373.3149378185559,258.79318584779054,114.52175197076537,0.0,0.0,"[1, 2, 3]","[379.3479932705761, 373.3149378185559, 385.0700448731769]","[35.3075, 34.1626, 35.2054]",104.6755,1.0,1.0,1.0,0.15,AAAAAABB,8,24,"[12, 12]","[[3.0987, 1.2456, 7.3563, 7.6595, 1.8748, 6.4165, 1.1012, -3.7173, -6.5218, -0.81, -1.6778, 4.2346, 5.1089, -6.3132, 9.6431, 0.6784], [-5.8555, -8.9732, -9.8614, -1.2795, -4.44, 4.3152, -4.0082, -1.3845, -2.0404, -6.3994, -8.6827, 6.6719, 2.5574, -3.6946, 0.4206, 5.1662]]"
zeit_S1_N8_wm1.0_wo1.0_r03,Szenario_1_Final,1,abbruchkriterium,1,371.8644198593222,324.44381928576456,47.35694499041031,0.06365558314731629,0.0,"[1, 2]","[371.8644198593222, 379.9745575056452]","[34.9292, 34.2428]",69.172,1.0,1.0,1.0,0.15,AAAAAABB,8,24,[24],"[[-5.7266, 4.8847, -2.8344, -6.7274, 1.2675, -3.2069, 4.2384, -5.9257, -2.8485, 1.4111, -6.7703, -2.1115, 7.2663, 1.0739, 1.6572, 7.0819]]"
zeit_S1_N8_wm1.0_wo1.0_r04,Szenario_1_Final,1,abbruchkriterium,2,385.0523779735671,270.8367990925883,114.21557888097874,0.0,0.0,"[1, 2, 3]","[398.4184660766501, 385.0523779735671, 388.82879728481396]","[34.5915, 34.5322, 34.2607]",103.3844,1.0,1.0,1.0,0.15,AAAAAABB,8,24,"[12, 12]","[[9.901, 1.4917, 4.3334, 1.3204, 3.487, -4.2912, -0.4586, -5.5258, -3.658, -1.6333, 8.1751, -6.2406, -2.1986, 3.5944, 3.9879, 7.9326], [-0.6045, 3.7035, -7.0742, -1.2409, -9.9488, 4.3223, 4.0387, -2.3541, -9.9236, -2.2161, -4.5406, -9.0374, -1.5024, -4.7339, -3.202, 4.4585]]"
zeit_S1_N8_wm1.0_wo1.0_r05,Szenario_1_Final,1,abbruchkriterium,2,370.2542160822883,259.76894275264635,110.4692341847646,0.0,0.0160391448773337,"[1, 2, 3]","[387.96479632009857, 370.2542160822883, 403.2664553684819]","[35.5022, 34.2559, 34.8173]",104.5754,1.0,1.0,1.0,0.15,AAAAAABB,8,24,"[12, 12]","[[3.3761, 0.8082, -2.5769, 3.6188, 2.9007, -3.8849, 9.8188, 1.9619, -2.1402, -4.8688, 1.3041, 5.4236, 8.2873, -6.0226, 7.9728, 7.4455], [-5.0408, -0.9332, 1.3958, 6.3322, -8.1374, 4.3079, -1.3547, 3.8144, -8.1887, 5.5674, -1.5065, -4.4587, 3.966, -4.1955, -5.8989, -8.9728]]"
